vector_type,rule_id,rule_type,features,direction,location_constraint,weight,notes
CDS Module,CDS-01,presence,ORF > 100 aa,forward,within_transcript,0.85,"Open reading frame of at least 100 amino acids (300bp) suggests functional protein-coding region. Shorter ORFs may be tags, linkers, or peptides."
CDS Module,CDS-02,presence,ATG start codon,forward,at_orf_start,0.9,"Canonical start codon required for translation initiation. Position must be in-frame with detected ORF."
CDS Module,CDS-03,presence,stop codon (TAA|TAG|TGA),forward,at_orf_end,0.9,"In-frame stop codon terminates translation. TAA preferred in mammalian (ochre), TAG in bacteria (amber)."
CDS Module,CDS-04,boundary,Kozak sequence (strong),forward,within:10_bp_of:ATG,-3_to_+4,0.95,"Strong Kozak (GCC[AG]CCATGG) at ATG position is near-diagnostic of mammalian translation initiation site."
CDS Module,CDS-05,boundary,Kozak sequence (adequate),forward,within:10_bp_of:ATG,-3_to_+4,0.75,"Adequate Kozak ([AG]CCATGG) supports mammalian translation but may have reduced efficiency."
CDS Module,CDS-06,boundary,Kozak sequence (weak),forward,within:10_bp_of:ATG,-3_to_+4,0.50,"Weak Kozak context may indicate suboptimal translation initiation or alternative start site."
CDS Module,CDS-07,boundary,RBS/Shine-Dalgarno (strong),forward,upstream_of:ATG;distance:4-12_bp,0.95,"Strong RBS (AGGAGG) 4-12bp upstream of ATG is diagnostic of bacterial translation initiation."
CDS Module,CDS-08,boundary,RBS/Shine-Dalgarno (adequate),forward,upstream_of:ATG;distance:4-12_bp,0.75,"Partial RBS consensus (GGAGG/AGGAG) supports bacterial translation but may have reduced efficiency."
CDS Module,CDS-09,boundary,RBS/Shine-Dalgarno (weak),forward,upstream_of:ATG;distance:4-20_bp,0.50,"Minimal RBS core (AGG) may indicate weak translation initiation site."
CDS Module,CDS-10,presence_all,promoter + ATG + ORF > 100aa + stop codon,forward,order:promoter->ATG->ORF->stop,0.97,"Complete expression unit with promoter driving ORF is near-diagnostic of functional CDS module."
CDS Module,CDS-11,boundary,pol2_promoter,forward,upstream_of:CDS;within:2000_bp,0.85,"Pol II promoter (CMV, EF1a, CAG, PGK, UbC) upstream defines 5' boundary of mammalian expression cassette."
CDS Module,CDS-12,boundary,pol3_promoter,forward,upstream_of:CDS;within:500_bp,-0.7,"Pol III promoters (U6, H1, 7SK) should not drive protein-coding genes. Negative weight indicates design error."
CDS Module,CDS-13,boundary,bacterial_promoter,forward,upstream_of:RBS;within:200_bp,0.85,"T7, lac, tac, araBAD promoters upstream define 5' boundary of bacterial expression cassette."
CDS Module,CDS-14,boundary,polyA_signal,forward,downstream_of:stop_codon;within:1000_bp,0.9,"PolyA signal (bGH, SV40, hGH) downstream defines 3' boundary of mammalian CDS module."
CDS Module,CDS-15,boundary,terminator,forward,downstream_of:stop_codon;within:500_bp,0.85,"Transcription terminator (T7 term, rrnB) downstream defines 3' boundary of bacterial CDS module."
CDS Module,CDS-16,presence,enhancer,forward,upstream_of:promoter;within:2000_bp,0.55,"Enhancer elements (CMV enhancer) upstream boost expression but not required for module boundary."
CDS Module,CDS-17,presence,intron,forward,within:CDS;between:exons,0.70,"Introns between exons indicate mammalian genomic context or expression enhancement (intron-mediated enhancement)."
CDS Module,CDS-18,presence,5'UTR,forward,between:promoter..ATG,0.60,"5' UTR between promoter and ATG affects translation efficiency and mRNA stability."
CDS Module,CDS-19,presence,3'UTR,forward,between:stop..polyA,0.60,"3' UTR between stop codon and polyA affects mRNA stability and localization."
CDS Module,CDS-20,presence,WPRE,forward,downstream_of:CDS;upstream_of:polyA,0.55,"WPRE element boosts mRNA levels in lentiviral/AAV contexts. Not required for module detection."
CDS Module,CDS-21,presence,secretion_signal,forward,at_CDS_start;in_frame,0.70,"Signal peptide (Igkappa, tPA, BiP) at N-terminus indicates secreted protein module."
CDS Module,CDS-22,presence,NLS,forward,within_CDS;in_frame,0.60,"Nuclear localization signal indicates nuclear-targeted protein."
CDS Module,CDS-23,presence,epitope_tag,forward,within_CDS;in_frame,0.50,"Epitope tags (FLAG, HA, Myc, V5) indicate tagged protein for detection/purification."
CDS Module,CDS-24,presence,affinity_tag,forward,within_CDS;in_frame,0.50,"Affinity tags (His6, Strep, MBP, GST) indicate protein for purification."
CDS Module,CDS-25,presence,2A_peptide,forward,within_CDS;in_frame,0.85,"2A peptide (T2A, P2A, E2A, F2A) indicates polycistronic CDS with ribosomal skipping."
CDS Module,CDS-26,presence,IRES,forward,between:CDS_regions,0.80,"Internal ribosome entry site indicates bicistronic mRNA with cap-independent translation."
CDS Module,CDS-27,presence,linker_peptide,forward,between:protein_domains;in_frame,0.55,"Flexible linker (GGGS, GGGGS repeats) between domains indicates fusion protein."
CDS Module,CDS-28,exclusion,internal_stop_codon,forward,within_ORF,-0.95,"In-frame stop codon within ORF truncates protein. Strong negative indicator unless readthrough intended."
CDS Module,CDS-29,exclusion,frameshift,forward,within_CDS,-0.90,"Frameshift mutation disrupts protein sequence. Strong negative indicator."
CDS Module,CDS-30,exclusion,no_ATG_at_expected_start,forward,at_CDS_start,-0.80,"Missing ATG at annotated CDS start indicates annotation error or upstream translation initiation."
CDS Module,CDS-31,orientation,promoter_cds_strand_match,forward,promoter_strand==CDS_strand,0.95,"Promoter and CDS must be on same strand for functional expression."
CDS Module,CDS-32,orientation,promoter_cds_strand_mismatch,n/a,promoter_strand!=CDS_strand,-0.90,"Promoter and CDS on opposite strands indicates design error."
CDS Module,CDS-33,order,promoter -> [5UTR] -> ATG -> CDS -> stop -> [3UTR] -> polyA,forward,canonical_mammalian,0.95,"Canonical mammalian CDS module element order. Full order match is near-diagnostic."
CDS Module,CDS-34,order,promoter -> RBS -> ATG -> CDS -> stop -> terminator,forward,canonical_bacterial,0.95,"Canonical bacterial CDS module element order. Full order match is near-diagnostic."
CDS Module,CDS-35,presence,CDS_feature,forward,pLannotate_annotation,0.80,"pLannotate CDS annotation provides strong base evidence for protein-coding region."
CDS Module,CDS-36,presence,gene_feature,forward,pLannotate_annotation,0.75,"Gene feature annotation supports presence of functional genetic element."
CDS Module,CDS-37,boundary,LTR,forward,flanks_payload,0.85,"LTR boundaries indicate lentiviral context. CDS modules within LTRs are payload."
CDS Module,CDS-38,boundary,ITR,either,flanks_payload,0.85,"ITR boundaries indicate AAV context. CDS modules within ITRs are payload."
CDS Module,CDS-39,presence_all,Kozak + ATG + ORF>100aa + stop + polyA,forward,mammalian_context,0.97,"Complete mammalian CDS module signature with translation initiation context."
CDS Module,CDS-40,presence_all,RBS + ATG + ORF>100aa + stop + terminator,forward,bacterial_context,0.97,"Complete bacterial CDS module signature with translation initiation context."
CDS Module,CDS-41,presence,selection_marker,forward,within_CDS_module,0.70,"Selection marker (PuroR, NeoR, HygR, BSD) within CDS indicates selection cassette."
CDS Module,CDS-42,presence,reporter,forward,within_CDS_module,0.70,"Reporter gene (GFP, mCherry, luciferase) within CDS indicates reporter cassette."
CDS Module,CDS-43,presence,nuclease,forward,within_CDS_module,0.80,"Nuclease (Cas9, Cas12, Cpf1) within CDS indicates editing cassette."
CDS Module,CDS-44,presence,recombinase,forward,within_CDS_module,0.75,"Recombinase (Cre, FLP, PhiC31) within CDS indicates recombination cassette."
CDS Module,CDS-45,presence,transactivator,forward,within_CDS_module,0.70,"Transactivator (tTA, rtTA, Gal4) within CDS indicates regulatory cassette."
CDS Module,CDS-46,boundary,codon_alignment,forward,boundaries_on_codon_frame,0.85,"Module boundaries should align to codon positions (divisible by 3 relative to ATG)."
CDS Module,CDS-47,presence,multiple_ORFs_same_frame,forward,within_transcript,0.75,"Multiple ORFs in same frame may indicate 2A-linked or read-through proteins."
CDS Module,CDS-48,exclusion,overlapping_ORFs_different_frames,forward,within_transcript,-0.60,"Overlapping ORFs in different frames suggests annotation confusion or complex expression."
CDS Module,CDS-49,presence,methionine_at_start,forward,at_protein_start,0.90,"Methionine (M) at protein start confirms ATG translation initiation."
CDS Module,CDS-50,presence,stop_at_end,forward,at_protein_end,0.90,"Stop codon (*) at expected protein end confirms ORF termination."
